-- phpMyAdmin SQL Dump
-- version 5.1.1
-- https://www.phpmyadmin.net/
--
-- Host: 127.0.0.1
-- Generation Time: Aug 17, 2021 at 03:06 PM
-- Server version: 10.4.20-MariaDB
-- PHP Version: 7.4.22

SET SQL_MODE = "NO_AUTO_VALUE_ON_ZERO";
START TRANSACTION;
SET time_zone = "+00:00";


/*!40101 SET @OLD_CHARACTER_SET_CLIENT=@@CHARACTER_SET_CLIENT */;
/*!40101 SET @OLD_CHARACTER_SET_RESULTS=@@CHARACTER_SET_RESULTS */;
/*!40101 SET @OLD_COLLATION_CONNECTION=@@COLLATION_CONNECTION */;
/*!40101 SET NAMES utf8mb4 */;

--
-- Database: `penjualan_apotek`
--

-- --------------------------------------------------------

--
-- Table structure for table `apoteker`
--

CREATE TABLE `apoteker` (
  `nama_apoteker` varchar(50) NOT NULL,
  `telp_apoteker` varchar(20) NOT NULL,
  `id_apoteker` int(11) NOT NULL
) ENGINE=InnoDB DEFAULT CHARSET=utf8mb4;

--
-- Dumping data for table `apoteker`
--

INSERT INTO `apoteker` (`nama_apoteker`, `telp_apoteker`, `id_apoteker`) VALUES
('Ibnu Muniron', '085874396135', 1),
('Adam Wijaya', '081348720937', 2),
('Aziz Pangestu', '087891274294', 3),
('Nabil Azura', '085873651073', 4),
('Baim Lazuardi', '085129046719', 5),
('Farrel Gajendra', '081378356901', 6),
('Eric Yasser', '085891749284', 7),
('Arif Maulana', '085178345612', 8),
('Iqbal Lewes', '081356219843', 9),
('Dzaki Mahadi', '085876259152', 10);

-- --------------------------------------------------------

--
-- Table structure for table `obat`
--

CREATE TABLE `obat` (
  `id_obat` varchar(11) NOT NULL,
  `nama_obat` varchar(50) NOT NULL,
  `harga_obat` varchar(50) NOT NULL
) ENGINE=InnoDB DEFAULT CHARSET=utf8mb4;

--
-- Dumping data for table `obat`
--

INSERT INTO `obat` (`id_obat`, `nama_obat`, `harga_obat`) VALUES
('1223', 'Albotyl 10ml', '30000'),
('1234', 'Amoxicillin 500 tab', '5000'),
('1245', 'Betadine gargle 190 ml', '20000'),
('1256', 'Bisolvon Extra Syr 60 ml', '25000'),
('1267', 'Bufect forte syr', '23000'),
('1278', 'Cardisan 10mg Tablet', '12000'),
('1289', 'Combivent 100mcg', '13000'),
('2321', 'Decolgen', '10000'),
('2322', 'Dulcolax', '20000'),
('2323', 'Dermazin', '35000'),
('2334', 'Elkana', '25000'),
('2345', 'Enerplus', '15000'),
('2356', 'Farmacrol', '30000'),
('2367', 'Forelax', '50000'),
('2378', 'Fungasol', '31000'),
('2389', 'Gastridin', '22000'),
('3412', 'Hansaplas', '8000'),
('3423', 'Imboost', '53000'),
('3434', 'Panadol', '15000'),
('3445', 'Antangin', '18000');

-- --------------------------------------------------------

--
-- Table structure for table `pasien`
--

CREATE TABLE `pasien` (
  `id_pasien` int(11) NOT NULL,
  `nama_pasien` varchar(50) NOT NULL,
  `telp_pasien` varchar(15) NOT NULL,
  `umur_pasien` int(3) NOT NULL,
  `jk_pasien` varchar(10) NOT NULL
) ENGINE=InnoDB DEFAULT CHARSET=utf8mb4;

--
-- Dumping data for table `pasien`
--

INSERT INTO `pasien` (`id_pasien`, `nama_pasien`, `telp_pasien`, `umur_pasien`, `jk_pasien`) VALUES
(1, 'Jofan Pradana', '087812563784', 20, 'Pria'),
(2, 'Adnan Fabian', '081356249811', 30, 'Pria'),
(3, 'Ayudia Anika', '085862719234', 17, 'Wanita'),
(4, 'Windi Basagita', '081374912344', 20, 'Wanita'),
(5, 'Clarissa Dianti', '085867725619', 32, 'Wanita'),
(6, 'Arya Fahad', '087894553288', 38, 'Pria'),
(7, 'Elvina Dianti', '081374569122', 28, 'Wanita'),
(8, 'Diandra Ginanita', '087186225688', 35, 'Wanita'),
(9, 'Indah Jayanti', '085827892764', 23, 'Wanita'),
(10, 'Faisal Hamza', '081258923477', 27, 'Pria');

-- --------------------------------------------------------

--
-- Table structure for table `transaksi`
--

CREATE TABLE `transaksi` (
  `id_transaksi` int(11) NOT NULL,
  `id_apoteker` int(11) NOT NULL,
  `id_pasien` int(11) NOT NULL,
  `id_obat` int(10) NOT NULL,
  `tgl_transaksi` timestamp(6) NOT NULL DEFAULT current_timestamp(6) ON UPDATE current_timestamp(6),
  `total_harga` int(60) NOT NULL
) ENGINE=InnoDB DEFAULT CHARSET=utf8mb4;

--
-- Dumping data for table `transaksi`
--

INSERT INTO `transaksi` (`id_transaksi`, `id_apoteker`, `id_pasien`, `id_obat`, `tgl_transaksi`, `total_harga`) VALUES
(1, 1, 6, 2323, '2021-08-01 00:21:36.752480', 35000),
(2, 8, 4, 2345, '2021-08-01 02:39:54.588110', 15000),
(3, 3, 9, 1256, '2021-08-01 03:08:54.456849', 25000),
(4, 6, 3, 1245, '2021-08-01 04:05:19.783515', 20000),
(5, 10, 7, 2356, '2021-08-01 05:27:46.469235', 30000),
(6, 2, 1, 1223, '2021-08-01 07:21:26.661854', 30000),
(7, 4, 10, 3423, '2021-08-01 08:14:30.350688', 53000),
(8, 9, 2, 3445, '2021-08-01 09:44:19.592297', 18000),
(9, 7, 8, 2389, '2021-08-01 11:39:25.617153', 22000),
(10, 5, 5, 3412, '2021-08-01 13:10:35.735352', 8000),
(11, 9, 7, 1234, '2021-08-02 01:24:14.811596', 5000),
(12, 1, 2, 3434, '2021-08-02 05:14:46.955213', 15000),
(13, 6, 10, 2367, '2021-08-02 06:25:52.836873', 50000),
(14, 3, 1, 1267, '2021-08-02 07:04:32.116866', 23000),
(15, 8, 9, 2378, '2021-08-02 08:11:30.813463', 31000),
(16, 5, 3, 2334, '2021-08-02 09:49:27.297753', 25000),
(17, 10, 5, 2322, '2021-08-02 10:08:30.870394', 20000),
(18, 2, 8, 1289, '2021-08-02 11:32:11.687495', 13000),
(19, 7, 4, 2321, '2021-08-02 13:12:29.693360', 10000),
(20, 4, 6, 1278, '2021-08-02 15:12:47.489403', 12000),
(21, 1, 6, 2323, '2021-08-03 00:21:36.752480', 35000),
(22, 10, 4, 2345, '2021-08-03 01:36:14.792373', 15000),
(23, 3, 9, 1256, '2021-08-03 03:08:54.456849', 25000),
(24, 6, 3, 1245, '2021-08-03 04:05:19.783515', 20000),
(25, 8, 7, 2356, '2021-08-03 06:43:16.903131', 30000),
(26, 2, 1, 1223, '2021-08-03 07:21:26.661854', 30000),
(27, 4, 10, 3423, '2021-08-03 08:14:30.350688', 53000),
(28, 9, 2, 3445, '2021-08-03 09:44:19.592297', 18000),
(29, 7, 8, 2389, '2021-08-03 11:39:25.617153', 22000),
(30, 5, 5, 3412, '2021-08-03 13:10:35.735352', 8000),
(31, 9, 7, 1234, '2021-08-04 01:24:14.811596', 5000),
(32, 1, 2, 3434, '2021-08-04 03:14:46.955213', 15000),
(33, 10, 8, 2367, '2021-08-04 04:45:14.485760', 50000),
(34, 3, 1, 1267, '2021-08-04 06:04:32.116866', 23000),
(35, 8, 9, 2378, '2021-08-04 08:11:30.813463', 31000),
(36, 5, 3, 2334, '2021-08-04 09:49:27.297753', 25000),
(37, 6, 5, 2322, '2021-08-04 10:11:35.888380', 20000),
(38, 2, 6, 1289, '2021-08-04 11:10:25.611841', 13000),
(39, 7, 4, 2321, '2021-08-04 13:48:51.699957', 10000),
(40, 4, 10, 1278, '2021-08-04 15:07:47.390621', 12000),
(41, 1, 6, 2323, '2021-08-05 00:21:36.752480', 35000),
(42, 8, 4, 2345, '2021-08-05 02:39:54.588110', 15000),
(43, 3, 9, 1256, '2021-08-05 03:08:54.456849', 25000),
(44, 6, 3, 1245, '2021-08-05 04:05:19.783515', 20000),
(45, 10, 7, 2356, '2021-08-05 05:27:46.469235', 30000),
(46, 2, 1, 1223, '2021-08-05 07:21:26.661854', 30000),
(47, 4, 10, 3423, '2021-08-05 08:14:30.350688', 53000),
(48, 9, 2, 3445, '2021-08-05 09:44:19.592297', 18000),
(49, 7, 8, 2389, '2021-08-05 11:39:25.617153', 22000),
(50, 5, 5, 3412, '2021-08-05 13:10:35.735352', 8000),
(51, 9, 7, 1234, '2021-08-06 01:24:14.811596', 5000),
(52, 1, 2, 3434, '2021-08-06 05:14:46.955213', 15000),
(53, 6, 10, 2367, '2021-08-06 06:25:52.836873', 50000),
(54, 3, 1, 1267, '2021-08-06 07:04:32.116866', 23000),
(55, 8, 9, 2378, '2021-08-06 08:11:30.813463', 31000),
(56, 5, 3, 2334, '2021-08-06 09:49:27.297753', 25000),
(57, 10, 5, 2322, '2021-08-06 10:08:30.870394', 20000),
(58, 2, 8, 1289, '2021-08-06 11:32:11.687495', 13000),
(59, 7, 4, 2321, '2021-08-06 13:12:29.693360', 10000),
(60, 4, 6, 1278, '2021-08-06 15:12:47.489403', 12000),
(61, 1, 6, 2323, '2021-08-07 00:21:36.752480', 35000),
(62, 10, 4, 2345, '2021-08-07 01:36:14.792373', 15000),
(63, 3, 9, 1256, '2021-08-07 03:08:54.456849', 25000),
(64, 6, 3, 1245, '2021-08-07 04:05:19.783515', 20000),
(65, 8, 7, 2356, '2021-08-07 06:43:16.903131', 30000),
(66, 2, 1, 1223, '2021-08-07 07:21:26.661854', 30000),
(67, 4, 10, 3423, '2021-08-07 08:14:30.350688', 53000),
(68, 9, 2, 3445, '2021-08-07 09:44:19.592297', 18000),
(69, 7, 8, 2389, '2021-08-07 11:39:25.617153', 22000),
(70, 5, 5, 3412, '2021-08-07 13:10:35.735352', 8000),
(71, 1, 6, 2323, '2021-08-08 00:21:36.752480', 35000),
(72, 8, 4, 2345, '2021-08-08 02:39:54.588110', 15000),
(73, 3, 9, 1256, '2021-08-08 03:08:54.456849', 25000),
(74, 6, 3, 1245, '2021-08-08 04:05:19.783515', 20000),
(75, 10, 7, 2356, '2021-08-08 05:27:46.469235', 30000),
(76, 2, 1, 1223, '2021-08-08 07:21:26.661854', 30000),
(77, 4, 10, 3423, '2021-08-08 08:14:30.350688', 53000),
(78, 9, 2, 3445, '2021-08-08 09:44:19.592297', 18000),
(79, 7, 8, 2389, '2021-08-08 11:39:25.617153', 22000),
(80, 5, 5, 3412, '2021-08-08 13:10:35.735352', 8000),
(81, 9, 7, 1234, '2021-08-09 01:24:14.811596', 5000),
(82, 1, 2, 3434, '2021-08-09 05:14:46.955213', 15000),
(83, 6, 10, 2367, '2021-08-09 06:25:52.836873', 50000),
(84, 3, 1, 1267, '2021-08-09 07:04:32.116866', 23000),
(85, 8, 9, 2378, '2021-08-09 08:11:30.813463', 31000),
(86, 5, 3, 2334, '2021-08-09 09:49:27.297753', 25000),
(87, 10, 5, 2322, '2021-08-09 10:08:30.870394', 20000),
(88, 2, 8, 1289, '2021-08-09 11:32:11.687495', 13000),
(89, 7, 4, 2321, '2021-08-09 13:12:29.693360', 10000),
(90, 4, 6, 1278, '2021-08-09 15:12:47.489403', 12000),
(91, 1, 6, 2323, '2021-08-10 00:21:36.752480', 35000),
(92, 10, 4, 2345, '2021-08-10 01:36:14.792373', 15000),
(93, 3, 9, 1256, '2021-08-10 03:08:54.456849', 25000),
(94, 6, 3, 1245, '2021-08-10 04:05:19.783515', 20000),
(95, 8, 7, 2356, '2021-08-10 06:43:16.903131', 30000),
(96, 2, 1, 1223, '2021-08-10 07:21:26.661854', 30000),
(97, 4, 10, 3423, '2021-08-10 08:14:30.350688', 53000),
(98, 9, 2, 3445, '2021-08-10 09:44:19.592297', 18000),
(99, 7, 8, 2389, '2021-08-10 11:39:25.617153', 22000),
(100, 5, 5, 3412, '2021-08-10 13:10:35.735352', 8000);

--
-- Indexes for dumped tables
--

--
-- Indexes for table `apoteker`
--
ALTER TABLE `apoteker`
  ADD PRIMARY KEY (`id_apoteker`);

--
-- Indexes for table `obat`
--
ALTER TABLE `obat`
  ADD PRIMARY KEY (`id_obat`);

--
-- Indexes for table `pasien`
--
ALTER TABLE `pasien`
  ADD PRIMARY KEY (`id_pasien`);

--
-- Indexes for table `transaksi`
--
ALTER TABLE `transaksi`
  ADD PRIMARY KEY (`id_transaksi`);

--
-- AUTO_INCREMENT for dumped tables
--

--
-- AUTO_INCREMENT for table `apoteker`
--
ALTER TABLE `apoteker`
  MODIFY `id_apoteker` int(11) NOT NULL AUTO_INCREMENT, AUTO_INCREMENT=21;

--
-- AUTO_INCREMENT for table `pasien`
--
ALTER TABLE `pasien`
  MODIFY `id_pasien` int(11) NOT NULL AUTO_INCREMENT, AUTO_INCREMENT=11;

--
-- AUTO_INCREMENT for table `transaksi`
--
ALTER TABLE `transaksi`
  MODIFY `id_transaksi` int(11) NOT NULL AUTO_INCREMENT, AUTO_INCREMENT=101;
COMMIT;

/*!40101 SET CHARACTER_SET_CLIENT=@OLD_CHARACTER_SET_CLIENT */;
/*!40101 SET CHARACTER_SET_RESULTS=@OLD_CHARACTER_SET_RESULTS */;
/*!40101 SET COLLATION_CONNECTION=@OLD_COLLATION_CONNECTION */;
